year,manufacture,smuggling,dealing,illegal_cultivation,use,possession,other,total,source_note
2017,3,481,3471,1030,7346,1002,790,14123,December report annual cumulative offense-type table.
2018,,,,,,,,12613,2018 December source repeats Jan-Nov cumulative offense-type values; breakdown left blank pending corrected source.
2019,5,783,3437,1161,8210,1185,1263,16044,December report annual cumulative offense-type table.
2020,9,837,3947,1805,9044,1115,1293,18050,December report annual cumulative offense-type table.
2021,9,807,3229,1151,8522,1214,1221,16153,December report annual cumulative offense-type table.
2022,6,1392,3492,1712,8489,1032,2272,18395,December report annual cumulative offense-type table.
2023,6,1235,7904,3081,10899,1859,2627,27611,December report annual cumulative offense-type table.
2024,19,1126,6593,1123,9528,1888,2745,23022,December report annual cumulative offense-type table.
2025,25,1772,4980,976,8798,1747,5105,23403,December report annual cumulative offense-type table.
